{"proxies":{"ti.expansionfiles.FileProxy":{"superPackageName":"org.appcelerator.kroll","methods":{"spaceAvailable":{"runOnUiThread":false,"hasInvocation":false,"args":[],"apiName":"spaceAvailable","converter":"org.appcelerator.kroll.KrollConverter","defaultValueProvider":"org.appcelerator.kroll.KrollConverter","name":"__default_name__","returnType":"double"},"extension":{"runOnUiThread":false,"hasInvocation":false,"args":[],"apiName":"extension","converter":"org.appcelerator.kroll.KrollConverter","defaultValueProvider":"org.appcelerator.kroll.KrollConverter","name":"__default_name__","returnType":"java.lang.String"},"getName":{"runOnUiThread":false,"hasInvocation":false,"args":[],"apiName":"getName","converter":"org.appcelerator.kroll.KrollConverter","defaultValueProvider":"org.appcelerator.kroll.KrollConverter","name":"__default_name__","returnType":"java.lang.String"},"read":{"runOnUiThread":false,"hasInvocation":false,"args":[],"apiName":"read","converter":"org.appcelerator.kroll.KrollConverter","defaultValueProvider":"org.appcelerator.kroll.KrollConverter","name":"__default_name__","returnType":"org.appcelerator.titanium.TiBlob"},"resolve":{"runOnUiThread":false,"hasInvocation":false,"args":[],"apiName":"resolve","converter":"org.appcelerator.kroll.KrollConverter","defaultValueProvider":"org.appcelerator.kroll.KrollConverter","name":"__default_name__","returnType":"java.lang.String"},"getDirectoryListing":{"runOnUiThread":false,"hasInvocation":false,"args":[],"apiName":"getDirectoryListing","converter":"org.appcelerator.kroll.KrollConverter","defaultValueProvider":"org.appcelerator.kroll.KrollConverter","name":"__default_name__","returnType":"java.lang.String[]"},"readLine":{"runOnUiThread":false,"hasInvocation":false,"args":[],"apiName":"readLine","converter":"org.appcelerator.kroll.KrollConverter","defaultValueProvider":"org.appcelerator.kroll.KrollConverter","name":"__default_name__","returnType":"java.lang.String"},"createTimestamp":{"runOnUiThread":false,"hasInvocation":false,"args":[],"apiName":"createTimestamp","converter":"org.appcelerator.kroll.KrollConverter","defaultValueProvider":"org.appcelerator.kroll.KrollConverter","name":"__default_name__","returnType":"double"},"getSize":{"runOnUiThread":false,"hasInvocation":false,"args":[],"apiName":"getSize","converter":"org.appcelerator.kroll.KrollConverter","defaultValueProvider":"org.appcelerator.kroll.KrollConverter","name":"__default_name__","returnType":"double"},"rename":{"runOnUiThread":false,"hasInvocation":false,"args":[{"converter":"org.appcelerator.kroll.KrollConverter","defaultValueProvider":"org.appcelerator.kroll.KrollConverter","name":"destination","sourceName":"destination","type":"java.lang.String"}],"apiName":"rename","converter":"org.appcelerator.kroll.KrollConverter","defaultValueProvider":"org.appcelerator.kroll.KrollConverter","name":"__default_name__","returnType":"boolean"},"getNativePath":{"runOnUiThread":false,"hasInvocation":false,"args":[],"apiName":"getNativePath","converter":"org.appcelerator.kroll.KrollConverter","defaultValueProvider":"org.appcelerator.kroll.KrollConverter","name":"__default_name__","returnType":"java.lang.String"},"exists":{"runOnUiThread":false,"hasInvocation":false,"args":[],"apiName":"exists","converter":"org.appcelerator.kroll.KrollConverter","defaultValueProvider":"org.appcelerator.kroll.KrollConverter","name":"__default_name__","returnType":"boolean"},"modificationTimestamp":{"runOnUiThread":false,"hasInvocation":false,"args":[],"apiName":"modificationTimestamp","converter":"org.appcelerator.kroll.KrollConverter","defaultValueProvider":"org.appcelerator.kroll.KrollConverter","name":"__default_name__","returnType":"double"}},"dynamicProperties":{"directoryListing":{"set":false,"nativeConverter":"org.appcelerator.kroll.KrollConverter","getMethodName":"getDirectoryListing","converter":"org.appcelerator.kroll.KrollConverter","defaultValueProvider":"org.appcelerator.kroll.KrollConverter","javascriptConverter":"org.appcelerator.kroll.KrollConverter","getHasInvocation":false,"runOnUiThread":false,"getMethodArgs":[],"getReturnType":"java.lang.String[]","get":true,"name":"directoryListing","setHasInvocation":false,"getDefaultProviders":[]},"size":{"set":false,"nativeConverter":"org.appcelerator.kroll.KrollConverter","getMethodName":"getSize","converter":"org.appcelerator.kroll.KrollConverter","defaultValueProvider":"org.appcelerator.kroll.KrollConverter","javascriptConverter":"org.appcelerator.kroll.KrollConverter","getHasInvocation":false,"runOnUiThread":false,"getMethodArgs":[],"getReturnType":"double","get":true,"name":"size","setHasInvocation":false,"getDefaultProviders":[]},"name":{"set":false,"nativeConverter":"org.appcelerator.kroll.KrollConverter","getMethodName":"getName","converter":"org.appcelerator.kroll.KrollConverter","defaultValueProvider":"org.appcelerator.kroll.KrollConverter","javascriptConverter":"org.appcelerator.kroll.KrollConverter","getHasInvocation":false,"runOnUiThread":false,"getMethodArgs":[],"getReturnType":"java.lang.String","get":true,"name":"name","setHasInvocation":false,"getDefaultProviders":[]},"nativePath":{"set":false,"nativeConverter":"org.appcelerator.kroll.KrollConverter","getMethodName":"getNativePath","converter":"org.appcelerator.kroll.KrollConverter","defaultValueProvider":"org.appcelerator.kroll.KrollConverter","javascriptConverter":"org.appcelerator.kroll.KrollConverter","getHasInvocation":false,"runOnUiThread":false,"getMethodArgs":[],"getReturnType":"java.lang.String","get":true,"name":"nativePath","setHasInvocation":false,"getDefaultProviders":[]}},"superProxyBindingClassName":"org.appcelerator.kroll.KrollProxyBindingGen","proxyClassName":"FileProxy","proxyAttrs":{"propertyAccessors":[],"fullAPIName":"Tiexpansionfiles.File","name":"File","proxyClassName":"ti.expansionfiles.FileProxy","isTopLevel":false,"id":"ti.expansionfiles.FileProxy","parentModule":"ti.expansionfiles.TiexpansionfilesModule","creatableInModule":"org.appcelerator.kroll.annotations.Kroll.DEFAULT"},"packageName":"ti.expansionfiles","sourceName":"ti.expansionfiles.FileProxyBindingGen","isTitaniumSdk":false,"superProxyClassName":"KrollProxy","isModule":false,"genClassName":"FileProxyBindingGen"},"ti.expansionfiles.TiexpansionfilesModule":{"superPackageName":"org.appcelerator.kroll","methods":{"getDownloadedFilePaths":{"runOnUiThread":false,"hasInvocation":false,"args":[],"apiName":"getDownloadedFilePaths","converter":"org.appcelerator.kroll.KrollConverter","defaultValueProvider":"org.appcelerator.kroll.KrollConverter","name":"__default_name__","returnType":"org.appcelerator.kroll.KrollDict"},"getFileFromZip":{"runOnUiThread":false,"hasInvocation":false,"args":[{"converter":"org.appcelerator.kroll.KrollConverter","defaultValueProvider":"org.appcelerator.kroll.KrollConverter","name":"path","sourceName":"path","type":"java.lang.String"}],"apiName":"getFileFromZip","converter":"org.appcelerator.kroll.KrollConverter","defaultValueProvider":"org.appcelerator.kroll.KrollConverter","name":"__default_name__","returnType":"ti.expansionfiles.FileProxy"},"listAllFilesInMain":{"runOnUiThread":false,"hasInvocation":false,"args":[],"apiName":"listAllFilesInMain","converter":"org.appcelerator.kroll.KrollConverter","defaultValueProvider":"org.appcelerator.kroll.KrollConverter","name":"__default_name__","returnType":"java.lang.String[]"},"pauseDownload":{"runOnUiThread":false,"hasInvocation":false,"args":[],"apiName":"pauseDownload","converter":"org.appcelerator.kroll.KrollConverter","defaultValueProvider":"org.appcelerator.kroll.KrollConverter","name":"__default_name__","returnType":"void"},"resumeDownload":{"runOnUiThread":false,"hasInvocation":false,"args":[],"apiName":"resumeDownload","converter":"org.appcelerator.kroll.KrollConverter","defaultValueProvider":"org.appcelerator.kroll.KrollConverter","name":"__default_name__","returnType":"void"},"getFilePath":{"runOnUiThread":false,"hasInvocation":false,"args":[{"converter":"org.appcelerator.kroll.KrollConverter","defaultValueProvider":"org.appcelerator.kroll.KrollConverter","name":"type","sourceName":"type","type":"java.lang.String"},{"converter":"org.appcelerator.kroll.KrollConverter","defaultValueProvider":"org.appcelerator.kroll.KrollConverter","name":"version","sourceName":"version","type":"int"}],"apiName":"getFilePath","converter":"org.appcelerator.kroll.KrollConverter","defaultValueProvider":"org.appcelerator.kroll.KrollConverter","name":"__default_name__","returnType":"java.lang.String"},"getFileFromPatch":{"runOnUiThread":false,"hasInvocation":false,"args":[{"converter":"org.appcelerator.kroll.KrollConverter","defaultValueProvider":"org.appcelerator.kroll.KrollConverter","name":"path","sourceName":"path","type":"java.lang.String"}],"apiName":"getFileFromPatch","converter":"org.appcelerator.kroll.KrollConverter","defaultValueProvider":"org.appcelerator.kroll.KrollConverter","name":"__default_name__","returnType":"ti.expansionfiles.FileProxy"},"listAllFilesMerged":{"runOnUiThread":false,"hasInvocation":false,"args":[],"apiName":"listAllFilesMerged","converter":"org.appcelerator.kroll.KrollConverter","defaultValueProvider":"org.appcelerator.kroll.KrollConverter","name":"__default_name__","returnType":"java.lang.String[]"},"downloadXAPKs":{"runOnUiThread":false,"hasInvocation":false,"args":[{"converter":"org.appcelerator.kroll.KrollConverter","defaultValueProvider":"org.appcelerator.kroll.KrollConverter","name":"obj","sourceName":"obj","type":"java.lang.Object"}],"apiName":"downloadXAPKs","converter":"org.appcelerator.kroll.KrollConverter","defaultValueProvider":"org.appcelerator.kroll.KrollConverter","name":"__default_name__","returnType":"void"},"getFileFromMain":{"runOnUiThread":false,"hasInvocation":false,"args":[{"converter":"org.appcelerator.kroll.KrollConverter","defaultValueProvider":"org.appcelerator.kroll.KrollConverter","name":"path","sourceName":"path","type":"java.lang.String"}],"apiName":"getFileFromMain","converter":"org.appcelerator.kroll.KrollConverter","defaultValueProvider":"org.appcelerator.kroll.KrollConverter","name":"__default_name__","returnType":"ti.expansionfiles.FileProxy"},"listAllFilesInPatch":{"runOnUiThread":false,"hasInvocation":false,"args":[],"apiName":"listAllFilesInPatch","converter":"org.appcelerator.kroll.KrollConverter","defaultValueProvider":"org.appcelerator.kroll.KrollConverter","name":"__default_name__","returnType":"java.lang.String[]"}},"superProxyClassName":"KrollModule","isModule":true,"genClassName":"TiexpansionfilesModuleBindingGen","superProxyBindingClassName":"org.appcelerator.kroll.KrollModuleBindingGen","proxyClassName":"TiexpansionfilesModule","proxyAttrs":{"propertyAccessors":[],"fullAPIName":"Tiexpansionfiles","name":"Tiexpansionfiles","proxyClassName":"ti.expansionfiles.TiexpansionfilesModule","isTopLevel":false,"id":"ti.expansionfiles"},"packageName":"ti.expansionfiles","sourceName":"ti.expansionfiles.TiexpansionfilesModuleBindingGen","constants":{"STATE_CONNECTING":{"proxyName":"STATE_CONNECTING","name":"STATE_CONNECTING","type":"int","value":3},"STATE_DOWNLOADING":{"proxyName":"STATE_DOWNLOADING","name":"STATE_DOWNLOADING","type":"int","value":4},"STATE_PAUSED_WIFI_DISABLED":{"proxyName":"STATE_PAUSED_WIFI_DISABLED","name":"STATE_PAUSED_WIFI_DISABLED","type":"int","value":10},"STATE_PAUSED_NEED_WIFI":{"proxyName":"STATE_PAUSED_NEED_WIFI","name":"STATE_PAUSED_NEED_WIFI","type":"int","value":11},"STATE_FAILED":{"proxyName":"STATE_FAILED","name":"STATE_FAILED","type":"int","value":19},"STATE_COMPLETED":{"proxyName":"STATE_COMPLETED","name":"STATE_COMPLETED","type":"int","value":5},"STATE_PAUSED_SDCARD_UNAVAILABLE":{"proxyName":"STATE_PAUSED_SDCARD_UNAVAILABLE","name":"STATE_PAUSED_SDCARD_UNAVAILABLE","type":"int","value":14},"STATE_FAILED_UNLICENSED":{"proxyName":"STATE_FAILED_UNLICENSED","name":"STATE_FAILED_UNLICENSED","type":"int","value":15},"STATE_FAILED_CANCELED":{"proxyName":"STATE_FAILED_CANCELED","name":"STATE_FAILED_CANCELED","type":"int","value":18},"STATE_PAUSED_NEED_CELLULAR_PERMISSION":{"proxyName":"STATE_PAUSED_NEED_CELLULAR_PERMISSION","name":"STATE_PAUSED_NEED_CELLULAR_PERMISSION","type":"int","value":9},"STATE_PAUSED_BY_REQUEST":{"proxyName":"STATE_PAUSED_BY_REQUEST","name":"STATE_PAUSED_BY_REQUEST","type":"int","value":7},"STATE_FAILED_SDCARD_FULL":{"proxyName":"STATE_FAILED_SDCARD_FULL","name":"STATE_FAILED_SDCARD_FULL","type":"int","value":17},"STATE_FAILED_FETCHING_URL":{"proxyName":"STATE_FAILED_FETCHING_URL","name":"STATE_FAILED_FETCHING_URL","type":"int","value":16},"STATE_IDLE":{"proxyName":"STATE_IDLE","name":"STATE_IDLE","type":"int","value":1},"STATE_PAUSED_WIFI_DISABLED_NEED_CELLULAR_PERMISSION":{"proxyName":"STATE_PAUSED_WIFI_DISABLED_NEED_CELLULAR_PERMISSION","name":"STATE_PAUSED_WIFI_DISABLED_NEED_CELLULAR_PERMISSION","type":"int","value":8},"STATE_PAUSED_NETWORK_SETUP_FAILURE":{"proxyName":"STATE_PAUSED_NETWORK_SETUP_FAILURE","name":"STATE_PAUSED_NETWORK_SETUP_FAILURE","type":"int","value":13},"STATE_FETCHING_URL":{"proxyName":"STATE_FETCHING_URL","name":"STATE_FETCHING_URL","type":"int","value":2},"STATE_PAUSED_NETWORK_UNAVAILABLE":{"proxyName":"STATE_PAUSED_NETWORK_UNAVAILABLE","name":"STATE_PAUSED_NETWORK_UNAVAILABLE","type":"int","value":6},"STATE_PAUSED_ROAMING":{"proxyName":"STATE_PAUSED_ROAMING","name":"STATE_PAUSED_ROAMING","type":"int","value":12}},"isTitaniumSdk":false,"onAppCreate":"onAppCreate"}},"modules":{"ti.expansionfiles.TiexpansionfilesModule":{"apiName":"Tiexpansionfiles"}}}