<?xml version="1.0" encoding="UTF-8"?>
<ti:module xmlns:ti="http://ti.appcelerator.org" xmlns:android="http://schemas.android.com/apk/res/android">
	<!--
		Similar to tiapp.xml, but contains module/platform specific
		configuration in <iphone>, <android>, and <mobileweb> sections
	-->
	<iphone>
	</iphone>
	<android xmlns:android="http://schemas.android.com/apk/res/android">
		<manifest>
			<application>
			    <service android:name="ti.expansionfiles.TiExpansionFilesDownloaderService" />
			    <receiver android:name="ti.expansionfiles.TiExpansionFilesAlarmReceiver" />
			</application>

			<!-- Required to access Google Play Licensing -->
			<uses-permission android:name="com.android.vending.CHECK_LICENSE" />

			<!-- Required to download files from Google Play -->
			<uses-permission android:name="android.permission.INTERNET" />

			<!-- Required to keep CPU alive while downloading files
			(NOT to keep screen awake) -->
			<uses-permission android:name="android.permission.WAKE_LOCK" />

			<!-- Required to poll the state of the network connection
			and respond to changes -->
			<uses-permission android:name="android.permission.ACCESS_NETWORK_STATE" />

			<!-- Required to check whether Wi-Fi is enabled -->
			<uses-permission android:name="android.permission.ACCESS_WIFI_STATE"/>

			<!-- Required to read and write the expansion files on shared storage -->
			<uses-permission android:name="android.permission.WRITE_EXTERNAL_STORAGE" />

		</manifest>
	</android>
	<mobileweb>
	</mobileweb>
</ti:module>
